fips_code,RegionName,year,price
06001,Alameda County,2000,302255.31409227685
06001,Alameda County,2001,368098.1799275837
06001,Alameda County,2002,393708.3030146712
06001,Alameda County,2003,427010.475210202
06001,Alameda County,2004,484363.00359933934
06001,Alameda County,2005,585124.0115790515
06001,Alameda County,2006,627743.2276817283
06001,Alameda County,2007,605581.4570539538
06001,Alameda County,2008,534153.8825787609
06001,Alameda County,2009,446659.0760152263
06001,Alameda County,2010,446991.3953426105
06001,Alameda County,2011,412947.2147911685
06001,Alameda County,2012,398108.2735820084
06001,Alameda County,2013,481141.49002870446
06001,Alameda County,2014,556032.0643154896
06001,Alameda County,2015,632143.7803329002
06001,Alameda County,2016,705021.3729418786
06001,Alameda County,2017,753902.1651961412
06001,Alameda County,2018,842282.8195975226
06001,Alameda County,2019,845727.0095051379
06001,Alameda County,2020,868442.0633445806
06001,Alameda County,2021,1019032.4994671587
06001,Alameda County,2022,1152471.2166117274
06001,Alameda County,2023,1079597.5080092694
06003,Alpine County,2000,251441.74499507816
06003,Alpine County,2001,221931.47806610595
06003,Alpine County,2002,249577.36322118514
06003,Alpine County,2003,349091.1393165677
06003,Alpine County,2004,412987.6420318305
06003,Alpine County,2005,258048.68783710318
06003,Alpine County,2006,284093.75636711234
06003,Alpine County,2007,408472.18146139866
06003,Alpine County,2008,354362.6607778247
06003,Alpine County,2009,317530.1077179162
06003,Alpine County,2010,301086.6675770995
06003,Alpine County,2011,279080.99889854295
06003,Alpine County,2012,279283.40384704707
06003,Alpine County,2013,282702.8390706513
06003,Alpine County,2014,308087.35193041625
06003,Alpine County,2015,311636.93150176835
06003,Alpine County,2016,325943.034546575
06003,Alpine County,2017,329768.7028618522
06003,Alpine County,2018,343336.3750312148
06003,Alpine County,2019,355597.56482056045
06003,Alpine County,2020,368124.87974526786
06003,Alpine County,2021,439003.24258877477
06003,Alpine County,2022,496754.4502411667
06003,Alpine County,2023,484220.6401557244
06005,Amador County,2000,251441.74499507816
06005,Amador County,2001,221931.47806610595
06005,Amador County,2002,249577.36322118514
06005,Amador County,2003,349091.1393165677
06005,Amador County,2004,412987.6420318305
06005,Amador County,2005,258048.68783710318
06005,Amador County,2006,284093.75636711234
06005,Amador County,2007,267102.3213532953
06005,Amador County,2008,220452.6228070436
06005,Amador County,2009,187940.14820582533
06005,Amador County,2010,176799.65799031893
06005,Amador County,2011,168321.3376080106
06005,Amador County,2012,170353.11657717876
06005,Amador County,2013,191821.81989853628
06005,Amador County,2014,221384.82925330347
06005,Amador County,2015,245584.1123247488
06005,Amador County,2016,271686.84646886383
06005,Amador County,2017,296177.07597407844
06005,Amador County,2018,322332.2498211536
06005,Amador County,2019,333556.2187108315
06005,Amador County,2020,342022.83258833335
06005,Amador County,2021,400344.49674388306
06005,Amador County,2022,438870.199962238
06005,Amador County,2023,423192.9347320115
06007,Butte County,2000,472684.6703267416
06007,Butte County,2001,142262.4854279221
06007,Butte County,2002,161422.32888919735
06007,Butte County,2003,191717.60194697173
06007,Butte County,2004,230315.29254910187
06007,Butte County,2005,274203.95605253405
06007,Butte County,2006,299181.5943221505
06007,Butte County,2007,287590.46901862737
06007,Butte County,2008,260718.26053309173
06007,Butte County,2009,223612.3962289385
06007,Butte County,2010,207442.06199741873
06007,Butte County,2011,190960.63175621652
06007,Butte County,2012,182138.33046558138
06007,Butte County,2013,204124.3958675781
06007,Butte County,2014,223089.408354439
06007,Butte County,2015,236632.51955220022
06007,Butte County,2016,253697.6473991629
06007,Butte County,2017,273920.2258923292
06007,Butte County,2018,294389.4652832839
06007,Butte County,2019,324629.50938501005
06007,Butte County,2020,339346.5326307373
06007,Butte County,2021,383615.1843739073
06007,Butte County,2022,415455.41705560306
06007,Butte County,2023,401111.95618268306
06009,Calaveras County,2000,251441.74499507816
06009,Calaveras County,2001,221931.47806610595
06009,Calaveras County,2002,249577.36322118514
06009,Calaveras County,2003,349091.1393165677
06009,Calaveras County,2004,412987.6420318305
06009,Calaveras County,2005,248839.7588693822
06009,Calaveras County,2006,278451.4944180132
06009,Calaveras County,2007,265655.05160470837
06009,Calaveras County,2008,235014.80252883284
06009,Calaveras County,2009,201943.22083159268
06009,Calaveras County,2010,193597.45326605157
06009,Calaveras County,2011,186689.9605674425
06009,Calaveras County,2012,183661.62728000575
06009,Calaveras County,2013,201222.83969214957
06009,Calaveras County,2014,233514.4905913057
06009,Calaveras County,2015,252413.37107716143
06009,Calaveras County,2016,276023.13185875217
06009,Calaveras County,2017,299046.922738476
06009,Calaveras County,2018,321254.86516814097
06009,Calaveras County,2019,334396.2436076076
06009,Calaveras County,2020,344876.5259139946
06009,Calaveras County,2021,422494.9201140865
06009,Calaveras County,2022,475426.87297842774
06009,Calaveras County,2023,455212.4669982887
06011,Colusa County,2000,251441.74499507816
06011,Colusa County,2001,221931.47806610595
06011,Colusa County,2002,249577.36322118514
06011,Colusa County,2003,349091.1393165677
06011,Colusa County,2004,412987.6420318305
06011,Colusa County,2005,258048.68783710318
06011,Colusa County,2006,284093.75636711234
06011,Colusa County,2007,225142.50635253591
06011,Colusa County,2008,188452.6408719376
06011,Colusa County,2009,154567.58142897868
06011,Colusa County,2010,150985.2014779862
06011,Colusa County,2011,144442.39531325584
06011,Colusa County,2012,142066.34173480314
06011,Colusa County,2013,155471.12215507918
06011,Colusa County,2014,175920.41525657199
06011,Colusa County,2015,193344.26098528842
06011,Colusa County,2016,211945.09049813345
06011,Colusa County,2017,228836.00624571383
06011,Colusa County,2018,251977.89726469057
06011,Colusa County,2019,273227.22726302856
06011,Colusa County,2020,291329.49656058016
06011,Colusa County,2021,333324.69303962355
06011,Colusa County,2022,364166.64448092325
06011,Colusa County,2023,358442.14315314975
06013,Contra Costa County,2000,296149.5748373147
06013,Contra Costa County,2001,341806.7930697392
06013,Contra Costa County,2002,384126.0424758226
06013,Contra Costa County,2003,435463.4005358266
06013,Contra Costa County,2004,524289.1694868783
06013,Contra Costa County,2005,639007.6780733455
06013,Contra Costa County,2006,694064.1538291482
06013,Contra Costa County,2007,634956.0453618165
06013,Contra Costa County,2008,494541.68298816896
06013,Contra Costa County,2009,358483.6060842635
06013,Contra Costa County,2010,332599.7725344661
06013,Contra Costa County,2011,305057.64270926226
06013,Contra Costa County,2012,314270.6357083223
06013,Contra Costa County,2013,387508.67365660256
06013,Contra Costa County,2014,453491.9496904277
06013,Contra Costa County,2015,500525.2221303233
06013,Contra Costa County,2016,550012.3674121948
06013,Contra Costa County,2017,589001.8187123956
06013,Contra Costa County,2018,635870.597924126
06013,Contra Costa County,2019,648225.9629763637
06013,Contra Costa County,2020,675261.5168645825
06013,Contra Costa County,2021,788500.186478546
06013,Contra Costa County,2022,863376.9037114287
06013,Contra Costa County,2023,817583.9940165633
06015,Del Norte County,2000,251441.74499507816
06015,Del Norte County,2001,221931.47806610595
06015,Del Norte County,2002,249577.36322118514
06015,Del Norte County,2003,349091.1393165677
06015,Del Norte County,2004,412987.6420318305
06015,Del Norte County,2005,258048.68783710318
06015,Del Norte County,2006,284093.75636711234
06015,Del Norte County,2007,275929.46456081857
06015,Del Norte County,2008,236099.5745072765
06015,Del Norte County,2009,200372.96345897324
06015,Del Norte County,2010,195508.3539432681
06015,Del Norte County,2011,185011.70968365562
06015,Del Norte County,2012,185165.46123166336
06015,Del Norte County,2013,190856.93623836336
06015,Del Norte County,2014,201052.61174877046
06015,Del Norte County,2015,209347.90825879516
06015,Del Norte County,2016,226405.95338969302
06015,Del Norte County,2017,246319.5273927357
06015,Del Norte County,2018,271215.7236038142
06015,Del Norte County,2019,275515.5671547559
06015,Del Norte County,2020,294867.08329886704
06015,Del Norte County,2021,323119.4985269826
06015,Del Norte County,2022,353342.4413498896
06015,Del Norte County,2023,349081.251332917
06017,El Dorado County,2000,218371.2149490699
06017,El Dorado County,2001,258079.30512529527
06017,El Dorado County,2002,293894.5929851615
06017,El Dorado County,2003,339434.59340690984
06017,El Dorado County,2004,393492.7581849044
06017,El Dorado County,2005,477907.6658567038
06017,El Dorado County,2006,527664.965080856
06017,El Dorado County,2007,494105.32517443626
06017,El Dorado County,2008,438147.1663065906
06017,El Dorado County,2009,371923.1108369085
06017,El Dorado County,2010,333742.89973628934
06017,El Dorado County,2011,304609.15129795653
06017,El Dorado County,2012,286737.76270477055
06017,El Dorado County,2013,327484.31120333576
06017,El Dorado County,2014,371529.2103914996
06017,El Dorado County,2015,398846.99732385325
06017,El Dorado County,2016,430531.8695994764
06017,El Dorado County,2017,464375.6845680878
06017,El Dorado County,2018,498541.5460997477
06017,El Dorado County,2019,514425.7939432792
06017,El Dorado County,2020,526528.3505143999
06017,El Dorado County,2021,628251.3029951651
06017,El Dorado County,2022,691532.9430938415
06017,El Dorado County,2023,651825.4743786533
06019,Fresno County,2000,109992.38629163934
06019,Fresno County,2001,116469.24502083384
06019,Fresno County,2002,131570.9196353831
06019,Fresno County,2003,159528.8477492824
06019,Fresno County,2004,198863.92367851947
06019,Fresno County,2005,253507.74541810306
06019,Fresno County,2006,293560.8118441363
06019,Fresno County,2007,281815.2662371153
06019,Fresno County,2008,227524.839367906
06019,Fresno County,2009,173366.0241191895
06019,Fresno County,2010,163544.06851461297
06019,Fresno County,2011,144828.06213957784
06019,Fresno County,2012,144718.07033731163
06019,Fresno County,2013,166007.6713245916
06019,Fresno County,2014,188053.45034830217
06019,Fresno County,2015,200652.82733943427
06019,Fresno County,2016,215915.35241086863
06019,Fresno County,2017,233479.4887141128
06019,Fresno County,2018,255426.81960026067
06019,Fresno County,2019,269231.82596836187
06019,Fresno County,2020,284577.56102233456
06019,Fresno County,2021,331308.23013551644
06019,Fresno County,2022,380875.43421935214
06019,Fresno County,2023,379059.3964847283
06021,Glenn County,2000,251441.74499507816
06021,Glenn County,2001,221931.47806610595
06021,Glenn County,2002,249577.36322118514
06021,Glenn County,2003,349091.1393165677
06021,Glenn County,2004,412987.6420318305
06021,Glenn County,2005,258048.68783710318
06021,Glenn County,2006,284093.75636711234
06021,Glenn County,2007,221572.15989950264
06021,Glenn County,2008,185681.76592026293
06021,Glenn County,2009,150621.5535977093
06021,Glenn County,2010,141533.5891834209
06021,Glenn County,2011,137209.62660169924
06021,Glenn County,2012,136880.99956638503
06021,Glenn County,2013,152627.30756844956
06021,Glenn County,2014,167758.30870970423
06021,Glenn County,2015,179719.1185550026
06021,Glenn County,2016,198403.76237789774
06021,Glenn County,2017,215656.23572531834
06021,Glenn County,2018,233637.11263422543
06021,Glenn County,2019,255001.01351200676
06021,Glenn County,2020,278694.4580129565
06021,Glenn County,2021,322741.25798422913
06021,Glenn County,2022,357228.000450183
06021,Glenn County,2023,350543.4209888479
06023,Humboldt County,2000,251441.74499507816
06023,Humboldt County,2001,143155.25960367307
06023,Humboldt County,2002,157334.5058358762
06023,Humboldt County,2003,190052.5058881091
06023,Humboldt County,2004,229186.17846625796
06023,Humboldt County,2005,288325.0077703991
06023,Humboldt County,2006,324529.0471586042
06023,Humboldt County,2007,316026.37375658465
06023,Humboldt County,2008,304797.4710171298
06023,Humboldt County,2009,275657.5172324954
06023,Humboldt County,2010,264951.8232362674
06023,Humboldt County,2011,257527.6320816291
06023,Humboldt County,2012,236742.7736241374
06023,Humboldt County,2013,239157.39952403822
06023,Humboldt County,2014,249407.91808995165
06023,Humboldt County,2015,259176.869853684
06023,Humboldt County,2016,280569.76999938855
06023,Humboldt County,2017,306249.2785865229
06023,Humboldt County,2018,322619.06480337
06023,Humboldt County,2019,338651.41896239424
06023,Humboldt County,2020,351263.3399737352
06023,Humboldt County,2021,384973.79334953654
06023,Humboldt County,2022,423569.9124468631
06023,Humboldt County,2023,414656.7285422813
06025,Imperial County,2000,106236.30248359242
06025,Imperial County,2001,98025.41923894318
06025,Imperial County,2002,105248.54701590021
06025,Imperial County,2003,112070.08191520274
06025,Imperial County,2004,129169.3671865984
06025,Imperial County,2005,166070.31487395515
06025,Imperial County,2006,203333.26507977583
06025,Imperial County,2007,197245.02020617205
06025,Imperial County,2008,166621.7038257612
06025,Imperial County,2009,136956.4126219976
06025,Imperial County,2010,131262.91315274555
06025,Imperial County,2011,124461.01456165744
06025,Imperial County,2012,130599.69049574427
06025,Imperial County,2013,141933.21848170253
06025,Imperial County,2014,163079.44475042826
06025,Imperial County,2015,179721.92812047224
06025,Imperial County,2016,195229.63444673663
06025,Imperial County,2017,207715.3070162106
06025,Imperial County,2018,218790.0280659789
06025,Imperial County,2019,230824.01613392044
06025,Imperial County,2020,247183.40513398612
06025,Imperial County,2021,274420.6212735255
06025,Imperial County,2022,301559.10983300005
06025,Imperial County,2023,302861.8243267253
06027,Inyo County,2000,251441.74499507816
06027,Inyo County,2001,221931.47806610595
06027,Inyo County,2002,249577.36322118514
06027,Inyo County,2003,349091.1393165677
06027,Inyo County,2004,412987.6420318305
06027,Inyo County,2005,258048.68783710318
06027,Inyo County,2006,284093.75636711234
06027,Inyo County,2007,262438.5220542666
06027,Inyo County,2008,215356.60319235452
06027,Inyo County,2009,177723.91461533343
06027,Inyo County,2010,170369.44188152932
06027,Inyo County,2011,165331.09371393477
06027,Inyo County,2012,172044.28912551005
06027,Inyo County,2013,178790.23590268847
06027,Inyo County,2014,195189.733542776
06027,Inyo County,2015,202355.84037184692
06027,Inyo County,2016,264773.5405236325
06027,Inyo County,2017,286420.2901413426
06027,Inyo County,2018,324355.16872613406
06027,Inyo County,2019,345611.8581151744
06027,Inyo County,2020,364403.1235726943
06027,Inyo County,2021,412393.6812269085
06027,Inyo County,2022,460107.36561617436
06027,Inyo County,2023,468838.5236572457
06029,Kern County,2000,97131.21760336721
06029,Kern County,2001,101218.24773875887
06029,Kern County,2002,109758.14629426577
06029,Kern County,2003,126600.81320060133
06029,Kern County,2004,157005.5393189096
06029,Kern County,2005,212565.82110069378
06029,Kern County,2006,258910.5210030739
06029,Kern County,2007,258124.4912777765
06029,Kern County,2008,201390.29635758977
06029,Kern County,2009,144276.88931942274
06029,Kern County,2010,133571.0040422303
06029,Kern County,2011,123424.83081993186
06029,Kern County,2012,126282.02697151178
06029,Kern County,2013,148994.94181715194
06029,Kern County,2014,171378.65001870724
06029,Kern County,2015,184038.85699204018
06029,Kern County,2016,195255.97894063103
06029,Kern County,2017,204904.9655853136
06029,Kern County,2018,218608.92910342486
06029,Kern County,2019,230664.39109304524
06029,Kern County,2020,245928.48036073326
06029,Kern County,2021,287414.556892637
06029,Kern County,2022,333253.0619197711
06029,Kern County,2023,333764.85382820526
06031,Kings County,2000,106236.30248359242
06031,Kings County,2001,104908.33819419064
06031,Kings County,2002,108442.12654882717
06031,Kings County,2003,118492.65649383022
06031,Kings County,2004,143094.8046139291
06031,Kings County,2005,186994.86040942106
06031,Kings County,2006,223952.42526927896
06031,Kings County,2007,223957.15705886207
06031,Kings County,2008,197977.90292610376
06031,Kings County,2009,170381.949671027
06031,Kings County,2010,169233.82269005364
06031,Kings County,2011,147914.8632632537
06031,Kings County,2012,138537.50054072207
06031,Kings County,2013,145979.0537596983
06031,Kings County,2014,159505.54063236047
06031,Kings County,2015,170353.73765678026
06031,Kings County,2016,183971.4050320438
06031,Kings County,2017,202612.6129677031
06031,Kings County,2018,216885.42558810665
06031,Kings County,2019,228753.20836060037
06031,Kings County,2020,243976.58463595854
06031,Kings County,2021,287517.7851808069
06031,Kings County,2022,325576.77695285407
06031,Kings County,2023,326951.611438915
06033,Lake County,2000,251441.74499507816
06033,Lake County,2001,221931.47806610595
06033,Lake County,2002,249577.36322118514
06033,Lake County,2003,213265.21715336593
06033,Lake County,2004,258194.4967325577
06033,Lake County,2005,179152.02503844307
06033,Lake County,2006,203503.33632868796
06033,Lake County,2007,159539.99229678573
06033,Lake County,2008,148845.76855578166
06033,Lake County,2009,126117.01530925075
06033,Lake County,2010,121060.68980880264
06033,Lake County,2011,114405.45239319652
06033,Lake County,2012,115237.05071381886
06033,Lake County,2013,133761.74784461048
06033,Lake County,2014,154481.14096064135
06033,Lake County,2015,171143.27867090693
06033,Lake County,2016,192462.75190649915
06033,Lake County,2017,212088.37664921218
06033,Lake County,2018,234791.29209070432
06033,Lake County,2019,250352.31208254697
06033,Lake County,2020,263630.6578365458
06033,Lake County,2021,311676.87753697456
06033,Lake County,2022,343688.63792903506
06033,Lake County,2023,331364.3519115899
06035,Lassen County,2000,251441.74499507816
06035,Lassen County,2001,221931.47806610595
06035,Lassen County,2002,249577.36322118514
06035,Lassen County,2003,349091.1393165677
06035,Lassen County,2004,412987.6420318305
06035,Lassen County,2005,258048.68783710318
06035,Lassen County,2006,284093.75636711234
06035,Lassen County,2007,178671.5624406245
06035,Lassen County,2008,147523.341841794
06035,Lassen County,2009,125303.20154178316
06035,Lassen County,2010,120256.55560225582
06035,Lassen County,2011,116597.64981039742
06035,Lassen County,2012,120342.53312753829
06035,Lassen County,2013,124267.73026359716
06035,Lassen County,2014,126506.47601612326
06035,Lassen County,2015,130866.61540783198
06035,Lassen County,2016,146833.0901717832
06035,Lassen County,2017,160968.30604035317
06035,Lassen County,2018,176190.35009140175
06035,Lassen County,2019,184944.92538444532
06035,Lassen County,2020,195339.25242362183
06035,Lassen County,2021,228715.154183524
06035,Lassen County,2022,239618.1388454917
06035,Lassen County,2023,234128.73595283093
06037,Los Angeles County,2000,219918.4706772541
06037,Los Angeles County,2001,240971.1592299818
06037,Los Angeles County,2002,272945.89327968674
06037,Los Angeles County,2003,324051.6917752633
06037,Los Angeles County,2004,402022.01651911455
06037,Los Angeles County,2005,490367.7547072149
06037,Los Angeles County,2006,558609.0401786313
06037,Los Angeles County,2007,554774.6976986503
06037,Los Angeles County,2008,468033.1604594008
06037,Los Angeles County,2009,386544.95988966903
06037,Los Angeles County,2010,383044.22988171154
06037,Los Angeles County,2011,361829.77389401797
06037,Los Angeles County,2012,351976.43768109195
06037,Los Angeles County,2013,405881.70054450916
06037,Los Angeles County,2014,460041.66421055206
06037,Los Angeles County,2015,487259.3299892521
06037,Los Angeles County,2016,503278.9425901959
06037,Los Angeles County,2017,540974.1521123466
06037,Los Angeles County,2018,606917.0110701373
06037,Los Angeles County,2019,631210.9950160868
06037,Los Angeles County,2020,667665.4506388023
06037,Los Angeles County,2021,763655.6453979883
06037,Los Angeles County,2022,857057.3785462264
06037,Los Angeles County,2023,836028.1338657227
06039,Madera County,2000,106236.30248359242
06039,Madera County,2001,98025.41923894318
06039,Madera County,2002,105248.54701590021
06039,Madera County,2003,115312.23628003914
06039,Madera County,2004,142362.4380793191
06039,Madera County,2005,181950.6358909567
06039,Madera County,2006,219213.39579456617
06039,Madera County,2007,212997.1965177931
06039,Madera County,2008,170296.47611517692
06039,Madera County,2009,142347.20882863554
06039,Madera County,2010,137709.60284086157
06039,Madera County,2011,134490.23955889032
06039,Madera County,2012,136043.06723867482
06039,Madera County,2013,158570.11809150048
06039,Madera County,2014,183244.01069926016
06039,Madera County,2015,197493.90475374868
06039,Madera County,2016,209992.99691921336
06039,Madera County,2017,227033.0922099911
06039,Madera County,2018,254165.9998191597
06039,Madera County,2019,269365.5273526372
06039,Madera County,2020,287548.08360961865
06039,Madera County,2021,341661.8746914072
06039,Madera County,2022,392544.94569627073
06039,Madera County,2023,390660.9010379097
06041,Marin County,2000,472684.6703267416
06041,Marin County,2001,555712.4917634142
06041,Marin County,2002,588463.2998344161
06041,Marin County,2003,630567.9750211063
06041,Marin County,2004,698901.8068555212
06041,Marin County,2005,800179.1540577797
06041,Marin County,2006,848615.8544618486
06041,Marin County,2007,836589.0983174412
06041,Marin County,2008,774142.7340521296
06041,Marin County,2009,662605.5551333631
06041,Marin County,2010,643252.7393108074
06041,Marin County,2011,591976.9351655237
06041,Marin County,2012,612585.9782563123
06041,Marin County,2013,729515.3948802557
06041,Marin County,2014,806213.3882915354
06041,Marin County,2015,895596.8095032667
06041,Marin County,2016,965437.599455528
06041,Marin County,2017,1014741.6864137779
06041,Marin County,2018,1091073.248852595
06041,Marin County,2019,1096807.3085530328
06041,Marin County,2020,1145461.6268236323
06041,Marin County,2021,1356155.6076281837
06041,Marin County,2022,1535791.3504621221
06041,Marin County,2023,1461205.9143702672
06043,Mariposa County,2000,251441.74499507816
06043,Mariposa County,2001,221931.47806610595
06043,Mariposa County,2002,249577.36322118514
06043,Mariposa County,2003,349091.1393165677
06043,Mariposa County,2004,412987.6420318305
06043,Mariposa County,2005,258048.68783710318
06043,Mariposa County,2006,284093.75636711234
06043,Mariposa County,2007,259884.08505882215
06043,Mariposa County,2008,213252.14347320553
06043,Mariposa County,2009,179973.5523578463
06043,Mariposa County,2010,174436.123832822
06043,Mariposa County,2011,162372.26253538197
06043,Mariposa County,2012,164928.16046374262
06043,Mariposa County,2013,174036.66157702255
06043,Mariposa County,2014,196771.497158068
06043,Mariposa County,2015,214804.7838855806
06043,Mariposa County,2016,237429.3959365134
06043,Mariposa County,2017,256660.98455290482
06043,Mariposa County,2018,273873.74319349346
06043,Mariposa County,2019,283208.2087478038
06043,Mariposa County,2020,297305.9500923634
06043,Mariposa County,2021,353785.5238921564
06043,Mariposa County,2022,384204.42183505703
06043,Mariposa County,2023,372071.4154865031
06045,Mendocino County,2000,251441.74499507816
06045,Mendocino County,2001,221931.47806610595
06045,Mendocino County,2002,249577.36322118514
06045,Mendocino County,2003,213265.21715336593
06045,Mendocino County,2004,258194.4967325577
06045,Mendocino County,2005,305476.8154886055
06045,Mendocino County,2006,327431.2108296243
06045,Mendocino County,2007,351057.54340273165
06045,Mendocino County,2008,309124.14912875957
06045,Mendocino County,2009,266740.0872196162
06045,Mendocino County,2010,258104.45031704524
06045,Mendocino County,2011,248948.84606524897
06045,Mendocino County,2012,242037.97960454435
06045,Mendocino County,2013,264165.00739125715
06045,Mendocino County,2014,295631.2313312497
06045,Mendocino County,2015,316621.904346953
06045,Mendocino County,2016,344219.4802822773
06045,Mendocino County,2017,377622.0236163649
06045,Mendocino County,2018,404457.5979037978
06045,Mendocino County,2019,424114.3263400975
06045,Mendocino County,2020,443740.83272432705
06045,Mendocino County,2021,503837.5184774835
06045,Mendocino County,2022,515783.3125072041
06045,Mendocino County,2023,479758.6400829476
06047,Merced County,2000,209715.80255752723
06047,Merced County,2001,149512.5145398852
06047,Merced County,2002,173065.96085134358
06047,Merced County,2003,200167.37459204116
06047,Merced County,2004,240354.29198889583
06047,Merced County,2005,311703.9918506183
06047,Merced County,2006,365901.1401044592
06047,Merced County,2007,322632.81418880384
06047,Merced County,2008,205955.87114105307
06047,Merced County,2009,121000.34472837178
06047,Merced County,2010,123525.27687328354
06047,Merced County,2011,122482.3358320553
06047,Merced County,2012,120901.29332671686
06047,Merced County,2013,144910.0865095123
06047,Merced County,2014,178114.81682123998
06047,Merced County,2015,196901.56577463684
06047,Merced County,2016,215977.18845829452
06047,Merced County,2017,238879.13260293062
06047,Merced County,2018,262637.26279525895
06047,Merced County,2019,283985.7824577166
06047,Merced County,2020,301080.17420416995
06047,Merced County,2021,352857.70600930904
06047,Merced County,2022,404832.16820677347
06047,Merced County,2023,393697.50936965365
06049,Modoc County,2000,251441.74499507816
06049,Modoc County,2001,221931.47806610595
06049,Modoc County,2002,249577.36322118514
06049,Modoc County,2003,349091.1393165677
06049,Modoc County,2004,412987.6420318305
06049,Modoc County,2005,258048.68783710318
06049,Modoc County,2006,284093.75636711234
06049,Modoc County,2007,237223.71734827125
06049,Modoc County,2008,124815.92151983856
06049,Modoc County,2009,104763.92449362796
06049,Modoc County,2010,103968.10073268309
06049,Modoc County,2011,102681.17556717333
06049,Modoc County,2012,96096.48999232498
06049,Modoc County,2013,100656.45159479702
06049,Modoc County,2014,106508.38932091022
06049,Modoc County,2015,109259.88948209888
06049,Modoc County,2016,113235.2417189944
06049,Modoc County,2017,121475.74853378808
06049,Modoc County,2018,130463.40397573076
06049,Modoc County,2019,137074.49705395446
06049,Modoc County,2020,137669.66871535408
06049,Modoc County,2021,169659.74329577535
06049,Modoc County,2022,190987.32711195014
06049,Modoc County,2023,188966.80066626534
06051,Mono County,2000,251441.74499507816
06051,Mono County,2001,221931.47806610595
06051,Mono County,2002,249577.36322118514
06051,Mono County,2003,349091.1393165677
06051,Mono County,2004,412987.6420318305
06051,Mono County,2005,258048.68783710318
06051,Mono County,2006,284093.75636711234
06051,Mono County,2007,423280.95384104527
06051,Mono County,2008,360044.8190407038
06051,Mono County,2009,301370.86094877566
06051,Mono County,2010,307652.3709205237
06051,Mono County,2011,309144.342705197
06051,Mono County,2012,286493.1847289793
06051,Mono County,2013,281457.57329042803
06051,Mono County,2014,308110.72868116794
06051,Mono County,2015,318661.96349846007
06051,Mono County,2016,337285.7283358478
06051,Mono County,2017,359791.68484327896
06051,Mono County,2018,413497.3644236526
06051,Mono County,2019,448489.9870600367
06051,Mono County,2020,486249.7387697876
06051,Mono County,2021,592443.6857775706
06051,Mono County,2022,734508.7218320704
06051,Mono County,2023,714666.0520083674
06053,Monterey County,2000,263865.50178378733
06053,Monterey County,2001,323855.5733967302
06053,Monterey County,2002,362097.37085810816
06053,Monterey County,2003,400970.03325210867
06053,Monterey County,2004,475951.53757004626
06053,Monterey County,2005,599460.5866042835
06053,Monterey County,2006,665559.9838043064
06053,Monterey County,2007,617272.8857164079
06053,Monterey County,2008,469303.4212562551
06053,Monterey County,2009,330055.2523465731
06053,Monterey County,2010,318599.57186659676
06053,Monterey County,2011,297183.0912944998
06053,Monterey County,2012,290503.42798121454
06053,Monterey County,2013,335895.15638152574
06053,Monterey County,2014,393185.31415552064
06053,Monterey County,2015,424898.8089281749
06053,Monterey County,2016,467166.80125644593
06053,Monterey County,2017,504465.03330183047
06053,Monterey County,2018,538244.916091677
06053,Monterey County,2019,564858.6080656772
06053,Monterey County,2020,605516.6879867326
06053,Monterey County,2021,712949.445288288
06053,Monterey County,2022,806329.1651117915
06053,Monterey County,2023,789765.6631160892
06055,Napa County,2000,251441.74499507816
06055,Napa County,2001,303129.9105518204
06055,Napa County,2002,341893.9294814596
06055,Napa County,2003,395861.52421525354
06055,Napa County,2004,461654.07144794357
06055,Napa County,2005,542762.6444524144
06055,Napa County,2006,592331.8972641212
06055,Napa County,2007,568194.8921688158
06055,Napa County,2008,514412.0078796695
06055,Napa County,2009,418910.4132381126
06055,Napa County,2010,379063.14721462614
06055,Napa County,2011,358554.438345364
06055,Napa County,2012,350174.6413513488
06055,Napa County,2013,418273.61255856854
06055,Napa County,2014,477997.89608369983
06055,Napa County,2015,529312.2746851017
06055,Napa County,2016,585087.7432660122
06055,Napa County,2017,626995.0743381866
06055,Napa County,2018,663922.153753542
06055,Napa County,2019,686148.0921411114
06055,Napa County,2020,714782.0104823682
06055,Napa County,2021,831151.8144248467
06055,Napa County,2022,908513.3972681783
06055,Napa County,2023,884381.4602791511
06057,Nevada County,2000,251441.74499507816
06057,Nevada County,2001,221931.47806610595
06057,Nevada County,2002,249577.36322118514
06057,Nevada County,2003,279913.2574126595
06057,Nevada County,2004,318095.48460493836
06057,Nevada County,2005,389494.7405023035
06057,Nevada County,2006,432338.5340526733
06057,Nevada County,2007,416820.7738112064
06057,Nevada County,2008,371523.52972597926
06057,Nevada County,2009,325764.73378550843
06057,Nevada County,2010,321748.46873014997
06057,Nevada County,2011,291438.6214302566
06057,Nevada County,2012,276274.7804920964
06057,Nevada County,2013,308450.60665071657
06057,Nevada County,2014,348645.6537864292
06057,Nevada County,2015,375680.36335221905
06057,Nevada County,2016,401760.1621301582
06057,Nevada County,2017,434223.0337064397
06057,Nevada County,2018,471408.95566534746
06057,Nevada County,2019,483113.5729456932
06057,Nevada County,2020,500024.08624776726
06057,Nevada County,2021,601608.1213016167
06057,Nevada County,2022,655702.3015152733
06057,Nevada County,2023,618879.037627958
06059,Orange County,2000,274423.04669695505
06059,Orange County,2001,310317.9922790408
06059,Orange County,2002,351959.7631742221
06059,Orange County,2003,417392.98783938825
06059,Orange County,2004,526789.9000482658
06059,Orange County,2005,621764.4931716541
06059,Orange County,2006,680488.3657980663
06059,Orange County,2007,653863.8425044125
06059,Orange County,2008,542836.7720695391
06059,Orange County,2009,479179.7789518062
06059,Orange County,2010,483704.77652876155
06059,Orange County,2011,455874.95304337254
06059,Orange County,2012,447631.5220673491
06059,Orange County,2013,520287.3710038064
06059,Orange County,2014,581669.3740682538
06059,Orange County,2015,607706.1239878553
06059,Orange County,2016,628952.295896559
06059,Orange County,2017,681381.186540179
06059,Orange County,2018,734953.7423293091
06059,Orange County,2019,739351.2577909554
06059,Orange County,2020,774545.2816454829
06059,Orange County,2021,881333.2311847453
06059,Orange County,2022,1034314.2927716583
06059,Orange County,2023,1018853.6443440465
06061,Placer County,2000,248289.5377603574
06061,Placer County,2001,291064.6377093833
06061,Placer County,2002,323411.71379083203
06061,Placer County,2003,366186.43698355294
06061,Placer County,2004,427761.8724998183
06061,Placer County,2005,521480.8785916813
06061,Placer County,2006,551371.7074198246
06061,Placer County,2007,504786.3331653012
06061,Placer County,2008,407552.5323867558
06061,Placer County,2009,340539.00510961894
06061,Placer County,2010,318010.5604179274
06061,Placer County,2011,295716.62460575573
06061,Placer County,2012,292041.0442170869
06061,Placer County,2013,346304.0528223379
06061,Placer County,2014,388677.56376725854
06061,Placer County,2015,413302.3325439801
06061,Placer County,2016,439780.1706370725
06061,Placer County,2017,469642.8915032414
06061,Placer County,2018,500309.2418475758
06061,Placer County,2019,519611.48650866264
06061,Placer County,2020,544662.8116333087
06061,Placer County,2021,633247.5060501007
06061,Placer County,2022,706412.2776147478
06061,Placer County,2023,674005.0182814223
06063,Plumas County,2000,251441.74499507816
06063,Plumas County,2001,221931.47806610595
06063,Plumas County,2002,249577.36322118514
06063,Plumas County,2003,349091.1393165677
06063,Plumas County,2004,412987.6420318305
06063,Plumas County,2005,258048.68783710318
06063,Plumas County,2006,284093.75636711234
06063,Plumas County,2007,262438.5220542666
06063,Plumas County,2008,215356.60319235452
06063,Plumas County,2009,177723.91461533343
06063,Plumas County,2010,170369.44188152932
06063,Plumas County,2011,165331.09371393477
06063,Plumas County,2012,172044.28912551005
06063,Plumas County,2013,178790.23590268847
06063,Plumas County,2014,195189.733542776
06063,Plumas County,2015,202355.84037184692
06063,Plumas County,2016,218865.22629261855
06063,Plumas County,2017,234842.2129244625
06063,Plumas County,2018,258685.20350722675
06063,Plumas County,2019,274208.7161511571
06063,Plumas County,2020,287614.31553579523
06063,Plumas County,2021,345043.6851283416
06063,Plumas County,2022,387166.4954480785
06063,Plumas County,2023,379057.82771126926
06065,Riverside County,2000,160029.9162459981
06065,Riverside County,2001,179349.7963756681
06065,Riverside County,2002,201423.690527125
06065,Riverside County,2003,236372.50687531824
06065,Riverside County,2004,294332.5473824927
06065,Riverside County,2005,370937.5674125618
06065,Riverside County,2006,416178.2916190029
06065,Riverside County,2007,402511.9925007645
06065,Riverside County,2008,305164.3246478962
06065,Riverside County,2009,219385.10400038667
06065,Riverside County,2010,212350.92807436155
06065,Riverside County,2011,205960.2390766075
06065,Riverside County,2012,206168.9818300339
06065,Riverside County,2013,246167.1738243281
06065,Riverside County,2014,293583.7627555526
06065,Riverside County,2015,315994.98031334946
06065,Riverside County,2016,334672.4647429863
06065,Riverside County,2017,355461.38311507733
06065,Riverside County,2018,388312.6236276888
06065,Riverside County,2019,401865.57301425375
06065,Riverside County,2020,422840.20083557675
06065,Riverside County,2021,497769.5513260231
06065,Riverside County,2022,585246.8120177159
06065,Riverside County,2023,575528.1499117528
06067,Sacramento County,2000,153930.3594888871
06067,Sacramento County,2001,181293.04715565106
06067,Sacramento County,2002,209841.25641929486
06067,Sacramento County,2003,249245.6083057603
06067,Sacramento County,2004,298229.7263027835
06067,Sacramento County,2005,367952.6813418653
06067,Sacramento County,2006,390201.1810170247
06067,Sacramento County,2007,346158.6392485305
06067,Sacramento County,2008,269263.6082348761
06067,Sacramento County,2009,216624.1743354186
06067,Sacramento County,2010,203193.5852127752
06067,Sacramento County,2011,185016.3064622327
06067,Sacramento County,2012,180657.5927193658
06067,Sacramento County,2013,226743.8258803516
06067,Sacramento County,2014,265758.3616413604
06067,Sacramento County,2015,287478.10588509456
06067,Sacramento County,2016,316157.11960774555
06067,Sacramento County,2017,345434.2012688485
06067,Sacramento County,2018,375109.6966449052
06067,Sacramento County,2019,388616.3230237815
06067,Sacramento County,2020,415125.63045272935
06067,Sacramento County,2021,481683.6993613788
06067,Sacramento County,2022,538168.5809269861
06067,Sacramento County,2023,517564.9447825922
06069,San Benito County,2000,251441.74499507816
06069,San Benito County,2001,221931.47806610595
06069,San Benito County,2002,249577.36322118514
06069,San Benito County,2003,349091.1393165677
06069,San Benito County,2004,412987.6420318305
06069,San Benito County,2005,510758.67418069026
06069,San Benito County,2006,562592.0606552582
06069,San Benito County,2007,528079.4715140456
06069,San Benito County,2008,426876.7975400843
06069,San Benito County,2009,348937.6883667809
06069,San Benito County,2010,316967.7329735745
06069,San Benito County,2011,300152.0606195506
06069,San Benito County,2012,293691.15744195896
06069,San Benito County,2013,353740.7272565313
06069,San Benito County,2014,421079.48023298074
06069,San Benito County,2015,462502.53734172083
06069,San Benito County,2016,517165.32949491095
06069,San Benito County,2017,549720.2487174672
06069,San Benito County,2018,576618.915067368
06069,San Benito County,2019,593201.3609279657
06069,San Benito County,2020,618342.9050082222
06069,San Benito County,2021,723365.5786414252
06069,San Benito County,2022,799294.6720025811
06069,San Benito County,2023,752749.8078011248
06071,San Bernardino County,2000,133079.3756547704
06071,San Bernardino County,2001,145777.9198785761
06071,San Bernardino County,2002,163429.66785138592
06071,San Bernardino County,2003,192783.79023630393
06071,San Bernardino County,2004,244693.5785968059
06071,San Bernardino County,2005,317184.895398984
06071,San Bernardino County,2006,371684.7512907283
06071,San Bernardino County,2007,369768.0657121013
06071,San Bernardino County,2008,283922.8359561648
06071,San Bernardino County,2009,195064.58032939592
06071,San Bernardino County,2010,184873.3121922821
06071,San Bernardino County,2011,178607.34437591035
06071,San Bernardino County,2012,173152.423531112
06071,San Bernardino County,2013,205138.87196194427
06071,San Bernardino County,2014,248131.27866135145
06071,San Bernardino County,2015,268604.96090481884
06071,San Bernardino County,2016,286079.32852775475
06071,San Bernardino County,2017,315144.24698687997
06071,San Bernardino County,2018,353756.4887758616
06071,San Bernardino County,2019,367754.53971756453
06071,San Bernardino County,2020,390379.5135199435
06071,San Bernardino County,2021,457588.04301505367
06071,San Bernardino County,2022,529298.4775575974
06071,San Bernardino County,2023,522815.55864680617
06073,San Diego County,2000,229713.17883938432
06073,San Diego County,2001,267405.3163524786
06073,San Diego County,2002,305454.7097780379
06073,San Diego County,2003,366050.67364412657
06073,San Diego County,2004,449190.49320483906
06073,San Diego County,2005,529411.4960353725
06073,San Diego County,2006,537027.4027111769
06073,San Diego County,2007,501513.4685418659
06073,San Diego County,2008,426505.884624614
06073,San Diego County,2009,361648.1444238169
06073,San Diego County,2010,366434.16314067465
06073,San Diego County,2011,346604.9219800819
06073,San Diego County,2012,344274.6339326632
06073,San Diego County,2013,396685.01251388754
06073,San Diego County,2014,442389.4471424716
06073,San Diego County,2015,474682.30941104796
06073,San Diego County,2016,515148.42957075615
06073,San Diego County,2017,555713.2660378965
06073,San Diego County,2018,591910.3942436549
06073,San Diego County,2019,604407.415699238
06073,San Diego County,2020,640071.4684639514
06073,San Diego County,2021,751673.7412616451
06073,San Diego County,2022,875649.8978477822
06073,San Diego County,2023,853991.9342195482
06075,San Francisco County,2000,421583.13957394665
06075,San Francisco County,2001,501336.3249042344
06075,San Francisco County,2002,511248.42887400487
06075,San Francisco County,2003,549140.0292120619
06075,San Francisco County,2004,617991.0299078599
06075,San Francisco County,2005,720734.4708040181
06075,San Francisco County,2006,749969.3068952399
06075,San Francisco County,2007,758361.4264251726
06075,San Francisco County,2008,724485.534363097
06075,San Francisco County,2009,649234.1401371924
06075,San Francisco County,2010,635003.5233351047
06075,San Francisco County,2011,596060.9837724037
06075,San Francisco County,2012,629305.6102789325
06075,San Francisco County,2013,761944.8597352034
06075,San Francisco County,2014,876142.2138324782
06075,San Francisco County,2015,1027382.5233635106
06075,San Francisco County,2016,1105317.8634127385
06075,San Francisco County,2017,1143986.4968449995
06075,San Francisco County,2018,1257121.7747503656
06075,San Francisco County,2019,1268345.0872334032
06075,San Francisco County,2020,1311360.1220422932
06075,San Francisco County,2021,1360156.9157533112
06075,San Francisco County,2022,1409001.365528771
06075,San Francisco County,2023,1280560.7659661546
06077,San Joaquin County,2000,166505.58663590808
06077,San Joaquin County,2001,199483.16293906365
06077,San Joaquin County,2002,229464.79319417043
06077,San Joaquin County,2003,257139.08778926556
06077,San Joaquin County,2004,302894.3647423026
06077,San Joaquin County,2005,390325.0667448511
06077,San Joaquin County,2006,438685.21217870846
06077,San Joaquin County,2007,395676.37997092673
06077,San Joaquin County,2008,256004.19989040136
06077,San Joaquin County,2009,177875.7485281237
06077,San Joaquin County,2010,177728.61966646044
06077,San Joaquin County,2011,165722.31021542352
06077,San Joaquin County,2012,164733.873506591
06077,San Joaquin County,2013,202185.0956781278
06077,San Joaquin County,2014,250245.22828130992
06077,San Joaquin County,2015,276378.5230758725
06077,San Joaquin County,2016,306303.12839663116
06077,San Joaquin County,2017,337530.82126927224
06077,San Joaquin County,2018,369765.92431326275
06077,San Joaquin County,2019,390547.4180317574
06077,San Joaquin County,2020,413090.34051802725
06077,San Joaquin County,2021,482787.21606599144
06077,San Joaquin County,2022,539510.4144437158
06077,San Joaquin County,2023,520768.3593034308
06079,San Luis Obispo County,2000,209715.80255752723
06079,San Luis Obispo County,2001,252605.09101361388
06079,San Luis Obispo County,2002,294244.78547330666
06079,San Luis Obispo County,2003,345013.01098550955
06079,San Luis Obispo County,2004,402965.3833435174
06079,San Luis Obispo County,2005,479664.7400844277
06079,San Luis Obispo County,2006,512477.15060365637
06079,San Luis Obispo County,2007,486875.3982301595
06079,San Luis Obispo County,2008,441005.1441575919
06079,San Luis Obispo County,2009,383267.6921158596
06079,San Luis Obispo County,2010,364260.58572138305
06079,San Luis Obispo County,2011,336893.7658644869
06079,San Luis Obispo County,2012,346966.5929299514
06079,San Luis Obispo County,2013,401185.07044628676
06079,San Luis Obispo County,2014,445213.6729658488
06079,San Luis Obispo County,2015,476496.71083966485
06079,San Luis Obispo County,2016,509077.2650949119
06079,San Luis Obispo County,2017,564947.2683788397
06079,San Luis Obispo County,2018,599923.1506642849
06079,San Luis Obispo County,2019,612790.3435106974
06079,San Luis Obispo County,2020,642792.1043362905
06079,San Luis Obispo County,2021,740634.8602198431
06079,San Luis Obispo County,2022,850736.7631621488
06079,San Luis Obispo County,2023,844343.3449134991
06081,San Mateo County,2000,460722.8565705044
06081,San Mateo County,2001,543009.6743318936
06081,San Mateo County,2002,556979.1749019553
06081,San Mateo County,2003,592225.7374929822
06081,San Mateo County,2004,661187.7571086065
06081,San Mateo County,2005,769600.1961832113
06081,San Mateo County,2006,821453.9942449549
06081,San Mateo County,2007,822232.3015017048
06081,San Mateo County,2008,747953.418530655
06081,San Mateo County,2009,653907.3139886531
06081,San Mateo County,2010,647764.46068147
06081,San Mateo County,2011,599328.531015433
06081,San Mateo County,2012,615768.751572406
06081,San Mateo County,2013,739355.958239702
06081,San Mateo County,2014,840972.8510583169
06081,San Mateo County,2015,971580.2328306226
06081,San Mateo County,2016,1078448.022060446
06081,San Mateo County,2017,1148269.75447401
06081,San Mateo County,2018,1304140.1372096923
06081,San Mateo County,2019,1308074.2260773217
06081,San Mateo County,2020,1349306.567211913
06081,San Mateo County,2021,1478887.9382102874
06081,San Mateo County,2022,1621875.1470234322
06081,San Mateo County,2023,1515013.1227590237
06083,Santa Barbara County,2000,252040.52863632413
06083,Santa Barbara County,2001,291761.9591794929
06083,Santa Barbara County,2002,340645.6558172514
06083,Santa Barbara County,2003,405220.0109602686
06083,Santa Barbara County,2004,476896.28433929704
06083,Santa Barbara County,2005,572236.7419596593
06083,Santa Barbara County,2006,611666.4713025986
06083,Santa Barbara County,2007,557201.8222922002
06083,Santa Barbara County,2008,460477.94825981493
06083,Santa Barbara County,2009,375691.95079657243
06083,Santa Barbara County,2010,376533.2513241938
06083,Santa Barbara County,2011,339575.46977029776
06083,Santa Barbara County,2012,321029.62869209144
06083,Santa Barbara County,2013,376108.7687880215
06083,Santa Barbara County,2014,433457.3432994829
06083,Santa Barbara County,2015,469791.77411168005
06083,Santa Barbara County,2016,506260.03303140675
06083,Santa Barbara County,2017,528440.9499241975
06083,Santa Barbara County,2018,552333.0893835297
06083,Santa Barbara County,2019,563842.5983200617
06083,Santa Barbara County,2020,609954.124815398
06083,Santa Barbara County,2021,729222.8171468949
06083,Santa Barbara County,2022,879583.8007536904
06083,Santa Barbara County,2023,886525.3178228559
06085,Santa Clara County,2000,440093.6055460042
06085,Santa Clara County,2001,532555.867648658
06085,Santa Clara County,2002,527257.9720905771
06085,Santa Clara County,2003,540782.8254643223
06085,Santa Clara County,2004,591924.2540590203
06085,Santa Clara County,2005,702645.3958216138
06085,Santa Clara County,2006,751600.0491423933
06085,Santa Clara County,2007,753645.6411905661
06085,Santa Clara County,2008,669683.4599311925
06085,Santa Clara County,2009,562301.8145772637
06085,Santa Clara County,2010,569786.5960241683
06085,Santa Clara County,2011,537657.0167118289
06085,Santa Clara County,2012,572876.2070876001
06085,Santa Clara County,2013,697520.535339748
06085,Santa Clara County,2014,782431.6111251526
06085,Santa Clara County,2015,893764.7962483191
06085,Santa Clara County,2016,959067.6585366247
06085,Santa Clara County,2017,994063.0512852737
06085,Santa Clara County,2018,1195197.484200169
06085,Santa Clara County,2019,1183630.3860517293
06085,Santa Clara County,2020,1196715.055604488
06085,Santa Clara County,2021,1358713.5125850781
06085,Santa Clara County,2022,1569350.581518233
06085,Santa Clara County,2023,1498996.5124004844
06087,Santa Cruz County,2000,305110.47967866337
06087,Santa Cruz County,2001,380743.0885845571
06087,Santa Cruz County,2002,407983.5878915728
06087,Santa Cruz County,2003,442157.9461891591
06087,Santa Cruz County,2004,496418.455094375
06087,Santa Cruz County,2005,596362.6142067317
06087,Santa Cruz County,2006,640975.6970565993
06087,Santa Cruz County,2007,618250.8369384536
06087,Santa Cruz County,2008,560784.4199186751
06087,Santa Cruz County,2009,474656.37339243066
06087,Santa Cruz County,2010,465690.16617623135
06087,Santa Cruz County,2011,433323.05819365685
06087,Santa Cruz County,2012,432386.6531814253
06087,Santa Cruz County,2013,495814.0569104617
06087,Santa Cruz County,2014,554894.7852296581
06087,Santa Cruz County,2015,619651.7053280907
06087,Santa Cruz County,2016,681129.8732776082
06087,Santa Cruz County,2017,730586.0184956862
06087,Santa Cruz County,2018,792031.7653006107
06087,Santa Cruz County,2019,794973.3694540396
06087,Santa Cruz County,2020,832540.2145176862
06087,Santa Cruz County,2021,1009116.3136695074
06087,Santa Cruz County,2022,1177240.298421594
06087,Santa Cruz County,2023,1129740.6690061488
06089,Shasta County,2000,106236.30248359242
06089,Shasta County,2001,112050.20963860986
06089,Shasta County,2002,129173.63286784058
06089,Shasta County,2003,157813.77448371434
06089,Shasta County,2004,186890.4985887858
06089,Shasta County,2005,227464.33908839978
06089,Shasta County,2006,260829.4584934239
06089,Shasta County,2007,249983.24856105554
06089,Shasta County,2008,220509.7709961055
06089,Shasta County,2009,189798.95447184416
06089,Shasta County,2010,179634.31479604854
06089,Shasta County,2011,167620.2950761943
06089,Shasta County,2012,162488.13847763638
06089,Shasta County,2013,178411.88907757585
06089,Shasta County,2014,196603.28607736787
06089,Shasta County,2015,216478.72340130666
06089,Shasta County,2016,231360.3037337288
06089,Shasta County,2017,246493.56740423825
06089,Shasta County,2018,262403.6246431358
06089,Shasta County,2019,277279.0334821367
06089,Shasta County,2020,293479.2636324897
06089,Shasta County,2021,342684.1461953866
06089,Shasta County,2022,379367.3392370124
06089,Shasta County,2023,368378.53169749834
06091,Sierra County,2000,251441.74499507816
06091,Sierra County,2001,221931.47806610595
06091,Sierra County,2002,249577.36322118514
06091,Sierra County,2003,349091.1393165677
06091,Sierra County,2004,412987.6420318305
06091,Sierra County,2005,258048.68783710318
06091,Sierra County,2006,284093.75636711234
06091,Sierra County,2007,250348.26338418815
06091,Sierra County,2008,154677.61469961554
06091,Sierra County,2009,133886.87423743698
06091,Sierra County,2010,128484.1887559991
06091,Sierra County,2011,129849.1553600945
06091,Sierra County,2012,129164.20070636936
06091,Sierra County,2013,138953.39883233295
06091,Sierra County,2014,150045.0135207907
06091,Sierra County,2015,162388.94526276522
06091,Sierra County,2016,177080.21806788925
06091,Sierra County,2017,195153.55479798035
06091,Sierra County,2018,219733.9299005083
06091,Sierra County,2019,238480.10105948162
06091,Sierra County,2020,253845.17278462657
06091,Sierra County,2021,311386.98443750304
06091,Sierra County,2022,362562.2155900278
06091,Sierra County,2023,351170.8988535137
06093,Siskiyou County,2000,251441.74499507816
06093,Siskiyou County,2001,221931.47806610595
06093,Siskiyou County,2002,249577.36322118514
06093,Siskiyou County,2003,349091.1393165677
06093,Siskiyou County,2004,412987.6420318305
06093,Siskiyou County,2005,194384.52782080215
06093,Siskiyou County,2006,209109.20743544947
06093,Siskiyou County,2007,198156.66659536914
06093,Siskiyou County,2008,163303.27566276057
06093,Siskiyou County,2009,140134.59338127548
06093,Siskiyou County,2010,135289.6857867498
06093,Siskiyou County,2011,129225.22115548619
06093,Siskiyou County,2012,127381.99878403608
06093,Siskiyou County,2013,133612.68932009497
06093,Siskiyou County,2014,145276.97198421115
06093,Siskiyou County,2015,154002.9585524943
06093,Siskiyou County,2016,166321.8946690631
06093,Siskiyou County,2017,178634.76239494883
06093,Siskiyou County,2018,194036.32072572617
06093,Siskiyou County,2019,207902.8521665053
06093,Siskiyou County,2020,217704.3233065838
06093,Siskiyou County,2021,264481.86130259745
06093,Siskiyou County,2022,296329.59966933046
06093,Siskiyou County,2023,289574.0575501949
06095,Solano County,2000,207756.2947001982
06095,Solano County,2001,251079.82412212683
06095,Solano County,2002,287692.9026107841
06095,Solano County,2003,331918.1031531081
06095,Solano County,2004,387735.45319645136
06095,Solano County,2005,468825.7826991245
06095,Solano County,2006,516321.22247242153
06095,Solano County,2007,481036.5383726656
06095,Solano County,2008,354221.1340305717
06095,Solano County,2009,246375.62736973702
06095,Solano County,2010,231383.47800953197
06095,Solano County,2011,215551.18090523747
06095,Solano County,2012,207743.8775035827
06095,Solano County,2013,256286.29426753498
06095,Solano County,2014,316489.948451233
06095,Solano County,2015,350072.8300802829
06095,Solano County,2016,383369.52322789904
06095,Solano County,2017,415143.37627611967
06095,Solano County,2018,451337.21148365526
06095,Solano County,2019,465384.76398015773
06095,Solano County,2020,485547.4274090041
06095,Solano County,2021,546519.5006050931
06095,Solano County,2022,597932.2077181338
06095,Solano County,2023,579857.1132484348
06097,Sonoma County,2000,271037.6198719325
06097,Sonoma County,2001,331517.00946988614
06097,Sonoma County,2002,363646.30639318883
06097,Sonoma County,2003,402235.1462005549
06097,Sonoma County,2004,465503.55284993356
06097,Sonoma County,2005,553643.2100212005
06097,Sonoma County,2006,585532.751694728
06097,Sonoma County,2007,545226.2747634856
06097,Sonoma County,2008,463543.4075737828
06097,Sonoma County,2009,379845.1293696878
06097,Sonoma County,2010,370283.4563201166
06097,Sonoma County,2011,341154.0783927422
06097,Sonoma County,2012,325365.8512802941
06097,Sonoma County,2013,385246.33886391605
06097,Sonoma County,2014,448933.10477569996
06097,Sonoma County,2015,498069.7671671339
06097,Sonoma County,2016,548074.7018990071
06097,Sonoma County,2017,586561.5569536772
06097,Sonoma County,2018,645010.8572462047
06097,Sonoma County,2019,645039.2247483252
06097,Sonoma County,2020,659999.5264328303
06097,Sonoma County,2021,739184.0381456712
06097,Sonoma County,2022,798511.8469851845
06097,Sonoma County,2023,785768.3300230354
06099,Stanislaus County,2000,151970.62122854902
06099,Stanislaus County,2001,181198.19450238405
06099,Stanislaus County,2002,210553.95164601182
06099,Stanislaus County,2003,243389.75947486566
06099,Stanislaus County,2004,286522.17875924765
06099,Stanislaus County,2005,361496.00022046687
06099,Stanislaus County,2006,416525.6271860692
06099,Stanislaus County,2007,373459.9503972934
06099,Stanislaus County,2008,245852.16953244453
06099,Stanislaus County,2009,165737.03936693756
06099,Stanislaus County,2010,156489.08998629285
06099,Stanislaus County,2011,147550.1493062261
06099,Stanislaus County,2012,144744.41793179934
06099,Stanislaus County,2013,175813.6033720231
06099,Stanislaus County,2014,217173.27233705248
06099,Stanislaus County,2015,240728.30905968347
06099,Stanislaus County,2016,264998.03690222924
06099,Stanislaus County,2017,288458.40677646577
06099,Stanislaus County,2018,314777.03324985364
06099,Stanislaus County,2019,331895.59188628505
06099,Stanislaus County,2020,351579.24801811273
06099,Stanislaus County,2021,404758.69939686015
06099,Stanislaus County,2022,450653.88485207525
06099,Stanislaus County,2023,443565.1615392091
06101,Sutter County,2000,251441.74499507816
06101,Sutter County,2001,221931.47806610595
06101,Sutter County,2002,249577.36322118514
06101,Sutter County,2003,279913.2574126595
06101,Sutter County,2004,181831.7048510312
06101,Sutter County,2005,229529.46510103796
06101,Sutter County,2006,254911.7455248444
06101,Sutter County,2007,230041.13388763406
06101,Sutter County,2008,193968.20607687137
06101,Sutter County,2009,166454.77153223637
06101,Sutter County,2010,161315.81491714565
06101,Sutter County,2011,155221.03697497072
06101,Sutter County,2012,157887.61539460422
06101,Sutter County,2013,182610.4470526475
06101,Sutter County,2014,216050.50027145943
06101,Sutter County,2015,233661.09323609096
06101,Sutter County,2016,251481.52511971432
06101,Sutter County,2017,277562.4104071706
06101,Sutter County,2018,303053.44712234644
06101,Sutter County,2019,318599.05426965444
06101,Sutter County,2020,341566.37577900727
06101,Sutter County,2021,392692.3972241426
06101,Sutter County,2022,435148.6958126616
06101,Sutter County,2023,420456.27337730303
06103,Tehama County,2000,251441.74499507816
06103,Tehama County,2001,221931.47806610595
06103,Tehama County,2002,249577.36322118514
06103,Tehama County,2003,213265.21715336593
06103,Tehama County,2004,258194.4967325577
06103,Tehama County,2005,179152.02503844307
06103,Tehama County,2006,203503.33632868796
06103,Tehama County,2007,159539.99229678573
06103,Tehama County,2008,148845.76855578166
06103,Tehama County,2009,126117.01530925075
06103,Tehama County,2010,121060.68980880264
06103,Tehama County,2011,114405.45239319652
06103,Tehama County,2012,117225.23991906243
06103,Tehama County,2013,134037.65330744648
06103,Tehama County,2014,155996.65218204234
06103,Tehama County,2015,172521.46655119865
06103,Tehama County,2016,185115.66486158027
06103,Tehama County,2017,197542.0871352425
06103,Tehama County,2018,214478.20173390128
06103,Tehama County,2019,234103.3746987239
06103,Tehama County,2020,255884.44104512964
06103,Tehama County,2021,297161.7303447328
06103,Tehama County,2022,326146.31107750145
06103,Tehama County,2023,311303.795700888
06105,Trinity County,2000,251441.74499507816
06105,Trinity County,2001,221931.47806610595
06105,Trinity County,2002,249577.36322118514
06105,Trinity County,2003,349091.1393165677
06105,Trinity County,2004,412987.6420318305
06105,Trinity County,2005,258048.68783710318
06105,Trinity County,2006,284093.75636711234
06105,Trinity County,2007,225986.56674906515
06105,Trinity County,2008,175358.66207578662
06105,Trinity County,2009,149368.59933156916
06105,Trinity County,2010,152839.24550292984
06105,Trinity County,2011,154106.14725299223
06105,Trinity County,2012,158062.6535783522
06105,Trinity County,2013,172614.85534259715
06105,Trinity County,2014,185953.47630168733
06105,Trinity County,2015,196825.61955693676
06105,Trinity County,2016,214981.07252100704
06105,Trinity County,2017,237468.8423093443
06105,Trinity County,2018,251953.9876176349
06105,Trinity County,2019,250817.91318401415
06105,Trinity County,2020,265772.50922012323
06105,Trinity County,2021,307595.9034618664
06105,Trinity County,2022,321716.0543934297
06105,Trinity County,2023,307074.20213161886
06107,Tulare County,2000,103746.32467137527
06107,Tulare County,2001,103156.27099111957
06107,Tulare County,2002,108742.03969566703
06107,Tulare County,2003,119680.75415269069
06107,Tulare County,2004,146071.86478723362
06107,Tulare County,2005,193016.92385104942
06107,Tulare County,2006,235885.97535023306
06107,Tulare County,2007,232166.1338198278
06107,Tulare County,2008,192315.5140959432
06107,Tulare County,2009,151697.6124350789
06107,Tulare County,2010,141845.7131600195
06107,Tulare County,2011,125986.831473945
06107,Tulare County,2012,123380.02269496479
06107,Tulare County,2013,142319.85692751867
06107,Tulare County,2014,160544.98976725506
06107,Tulare County,2015,170454.4950938884
06107,Tulare County,2016,183064.01650744633
06107,Tulare County,2017,202456.15852549308
06107,Tulare County,2018,217531.96815041453
06107,Tulare County,2019,230102.364307322
06107,Tulare County,2020,244198.71679143238
06107,Tulare County,2021,286270.39055015036
06107,Tulare County,2022,327662.22290131013
06107,Tulare County,2023,328121.4889567306
06109,Tuolumne County,2000,251441.74499507816
06109,Tuolumne County,2001,221931.47806610595
06109,Tuolumne County,2002,249577.36322118514
06109,Tuolumne County,2003,349091.1393165677
06109,Tuolumne County,2004,412987.6420318305
06109,Tuolumne County,2005,510758.67418069026
06109,Tuolumne County,2006,562592.0606552582
06109,Tuolumne County,2007,528079.4715140456
06109,Tuolumne County,2008,426876.7975400843
06109,Tuolumne County,2009,348937.6883667809
06109,Tuolumne County,2010,316967.7329735745
06109,Tuolumne County,2011,300152.0606195506
06109,Tuolumne County,2012,293691.15744195896
06109,Tuolumne County,2013,353740.7272565313
06109,Tuolumne County,2014,421079.48023298074
06109,Tuolumne County,2015,462502.53734172083
06109,Tuolumne County,2016,291848.5958174245
06109,Tuolumne County,2017,283371.10167770885
06109,Tuolumne County,2018,302551.2412283513
06109,Tuolumne County,2019,312071.2768886581
06109,Tuolumne County,2020,313094.4246705116
06109,Tuolumne County,2021,366017.1601174869
06109,Tuolumne County,2022,409449.40941177105
06109,Tuolumne County,2023,397742.0412830441
06111,Ventura County,2000,272829.3471596005
06111,Ventura County,2001,304930.15086532413
06111,Ventura County,2002,341746.37565818295
06111,Ventura County,2003,408799.9127574691
06111,Ventura County,2004,503892.29906489956
06111,Ventura County,2005,602053.8821717212
06111,Ventura County,2006,654676.0182100666
06111,Ventura County,2007,610960.462534565
06111,Ventura County,2008,501900.8501068482
06111,Ventura County,2009,431569.41936168814
06111,Ventura County,2010,430960.27316116827
06111,Ventura County,2011,409935.26216856035
06111,Ventura County,2012,383167.3389970221
06111,Ventura County,2013,433028.74287993205
06111,Ventura County,2014,484943.0414854619
06111,Ventura County,2015,513683.06073149596
06111,Ventura County,2016,547442.6154665637
06111,Ventura County,2017,580216.1595932429
06111,Ventura County,2018,611955.0284530035
06111,Ventura County,2019,622316.9415565628
06111,Ventura County,2020,647860.669195969
06111,Ventura County,2021,741543.3452596063
06111,Ventura County,2022,830310.6181611406
06111,Ventura County,2023,807910.0715588543
06113,Yolo County,2000,183151.01952037602
06113,Yolo County,2001,213172.15319577104
06113,Yolo County,2002,253938.47977561722
06113,Yolo County,2003,303450.9366647632
06113,Yolo County,2004,347678.1537076437
06113,Yolo County,2005,425598.0201767928
06113,Yolo County,2006,465299.82969701244
06113,Yolo County,2007,428979.2867916298
06113,Yolo County,2008,353249.21060656005
06113,Yolo County,2009,299555.3465845913
06113,Yolo County,2010,283448.29580695526
06113,Yolo County,2011,261822.61737256337
06113,Yolo County,2012,246667.5026670556
06113,Yolo County,2013,284495.06853017467
06113,Yolo County,2014,326712.6618165937
06113,Yolo County,2015,351728.3719833342
06113,Yolo County,2016,381319.3884007367
06113,Yolo County,2017,417937.0977078416
06113,Yolo County,2018,449186.65432758565
06113,Yolo County,2019,464151.3572155752
06113,Yolo County,2020,482218.4761133692
06113,Yolo County,2021,547944.6103830383
06113,Yolo County,2022,613541.6867215738
06113,Yolo County,2023,598335.0371620934
06115,Yuba County,2000,251441.74499507816
06115,Yuba County,2001,221931.47806610595
06115,Yuba County,2002,249577.36322118514
06115,Yuba County,2003,213265.21715336593
06115,Yuba County,2004,258194.4967325577
06115,Yuba County,2005,179152.02503844307
06115,Yuba County,2006,203503.33632868796
06115,Yuba County,2007,190352.96491136984
06115,Yuba County,2008,166696.767802829
06115,Yuba County,2009,141469.51632824432
06115,Yuba County,2010,138139.7248010732
06115,Yuba County,2011,131707.89273499648
06115,Yuba County,2012,131705.80863667998
06115,Yuba County,2013,152049.33216318834
06115,Yuba County,2014,184355.46742916302
06115,Yuba County,2015,201031.06527891033
06115,Yuba County,2016,223107.53446015264
06115,Yuba County,2017,248179.1742965458
06115,Yuba County,2018,273093.32134877687
06115,Yuba County,2019,291275.18547588075
06115,Yuba County,2020,314465.0658417299
06115,Yuba County,2021,371635.0571583092
06115,Yuba County,2022,413854.16230463615
06115,Yuba County,2023,397019.0887759991
